{
    "hyperparameters": {
        "learning_rate": 3.5599032369247645e-05,
        "dropout": 0.28161612610165565,
        "nhead": 4,
        "num_encoder_layers": 5,
        "ffn_hidden_dim_factor": 4
    },
    "fold_results": [
        {
            "loss": 0.5202472155744379,
            "precision": 0.21344462662095692,
            "recall": 0.5393596986817326,
            "f1": 0.3058521999145664,
            "auc_roc": 0.6566660874492989,
            "auc_pr": 0.2267771636032928,
            "auc10": 0.5402429480815141,
            "epoch": 19
        },
        {
            "loss": 0.4935803088274869,
            "precision": 0.18605414273995077,
            "recall": 0.43448275862068964,
            "f1": 0.26053991958644457,
            "auc_roc": 0.626175100395435,
            "auc_pr": 0.19022953455987215,
            "auc10": 0.529640736750804,
            "epoch": 12
        },
        {
            "loss": 0.5232702060179277,
            "precision": 0.21388888888888888,
            "recall": 0.41919020074855395,
            "f1": 0.2832509483848718,
            "auc_roc": 0.6076757905766639,
            "auc_pr": 0.1945688617879051,
            "auc10": 0.532049776802289,
            "epoch": 25
        },
        {
            "loss": 0.4935528039932251,
            "precision": 0.23111458130001952,
            "recall": 0.44899507015547974,
            "f1": 0.30515463917525776,
            "auc_roc": 0.6529536669700602,
            "auc_pr": 0.21915371154374574,
            "auc10": 0.5342117549479382,
            "epoch": 9
        }
    ],
    "avg_metrics": {
        "loss": 0.5076626336032695,
        "precision": 0.21112555988745402,
        "recall": 0.46050693205161397,
        "f1": 0.28869942676528515,
        "auc_roc": 0.6358676613478644,
        "auc_pr": 0.20768231787370395,
        "auc10": 0.5340363041456364
    },
    "std_metrics": {
        "loss": 0.014136541150357142,
        "precision": 0.016133435719808204,
        "recall": 0.04672957216226066,
        "f1": 0.01862548927803661,
        "auc_roc": 0.02008253863319555,
        "auc_pr": 0.015594617517621367,
        "auc10": 0.003931301169434096
    },
    "embedding_type": "esmc",
    "best_fold": 1,
    "best_model_path": "esmc_best_transformer_runs_04-26_15:06/esmc/saved models/esmc_FINAL_BEST_MODEL.pth"
}