{
    "embedding_type": "esm2",
    "best_trial_source_file": "/work/jnw/exp1137-improving-b-cell-antigen-predictions-using-plms/random_search/xgboost/esm2_hyperparam_search_results.json",
    "best_trial_num_from_search": 3,
    "final_model_path": "xgboost_final_runs/esm2_final_train_20250502_133013_trial_3/esm2_xgb_final_model.json",
    "final_training_settings": {
        "random_seed": 1989,
        "validation_split_ratio": 0.15,
        "n_estimators_max": 2000,
        "early_stopping_rounds": 50,
        "objective": "binary:logistic",
        "eval_metric": "aucpr",
        "scale_pos_weight": 6.542376559956592,
        "best_iteration_found": 1310,
        "training_duration_seconds": 575.2425165176392
    },
    "best_hyperparameters_used": {
        "alpha": 0.013550416471161316,
        "colsample_bylevel": 0.6488628591508858,
        "colsample_bytree": 0.7807544526631806,
        "gamma": 0.02917209278623288,
        "lambda": 3.7792134307941256,
        "learning_rate": 0.027739494167464105,
        "max_delta_step": 2,
        "max_depth": 4,
        "min_child_weight": 9,
        "subsample": 0.7588100944386318
    },
    "test_set_evaluation": {
        "auc_pr": 0.37252157913132133,
        "auc_roc": 0.7400580499908357,
        "auc10": 0.5616115603537482,
        "f1": 0.42474916387959866,
        "precision": 0.3686502177068215,
        "recall": 0.5009861932938856,
        "threshold_used": 0.5,
        "true_neg": 1728,
        "false_pos": 435,
        "false_neg": 253,
        "true_pos": 254,
        "num_test_samples": 2670,
        "num_pos_test": 507
    }
}