{
    "hyperparameters": {
        "learning_rate": 1.0330851746915419e-05,
        "dropout": 0.15032412462017214,
        "nhead": 4,
        "num_encoder_layers": 4,
        "ffn_hidden_dim_factor": 3
    },
    "fold_results": [
        {
            "loss": 0.48989652774550696,
            "precision": 0.2454430608193467,
            "recall": 0.512241054613936,
            "f1": 0.33186920448999513,
            "auc_roc": 0.691910547369358,
            "auc_pr": 0.24568376598357639,
            "auc10": 0.546982314590502,
            "epoch": 24
        },
        {
            "loss": 0.46347841349515045,
            "precision": 0.22959285004965244,
            "recall": 0.442911877394636,
            "f1": 0.30241988227599736,
            "auc_roc": 0.6806596539260078,
            "auc_pr": 0.23373550549366756,
            "auc10": 0.5508577869726049,
            "epoch": 23
        },
        {
            "loss": 0.4602386545051228,
            "precision": 0.2210690192008303,
            "recall": 0.4348417829193603,
            "f1": 0.29311926605504585,
            "auc_roc": 0.6833557552304874,
            "auc_pr": 0.21695102110628517,
            "auc10": 0.5354646387429053,
            "epoch": 7
        },
        {
            "loss": 0.4797774011438543,
            "precision": 0.22309368191721132,
            "recall": 0.5824800910125142,
            "f1": 0.32262129804662887,
            "auc_roc": 0.6882167626179949,
            "auc_pr": 0.2470349569741647,
            "auc10": 0.5459345701038012,
            "epoch": 9
        }
    ],
    "avg_metrics": {
        "loss": 0.4733477492224086,
        "precision": 0.2297996529967602,
        "recall": 0.4931187014851116,
        "f1": 0.31250741271691684,
        "auc_roc": 0.6860356797859621,
        "auc_pr": 0.23585131238942345,
        "auc10": 0.5448098276024533
    },
    "std_metrics": {
        "loss": 0.012087748409460057,
        "precision": 0.009564948906829978,
        "recall": 0.05972446473226613,
        "f1": 0.015450146912774833,
        "auc_roc": 0.004340358312183382,
        "auc_pr": 0.012077341380521047,
        "auc10": 0.005698576856795122
    },
    "embedding_type": "esm2",
    "best_fold": 1,
    "best_model_path": "esm2_best_transformer_runs_04-29_09:56/esm2/saved models/esm2_FINAL_BEST_MODEL.pth"
}